bike_name,full_price,club_price,bike_class
"Atmos Gap 29"" Hardtail Mountain Bike Emerald Green",599.00,388.00,Mountain
"Atmos Gap 29"" Hardtail Mountain Bike Emerald Green",599.00,388.00,Mountain
"Atmos Gap 29"" Hardtail Mountain Bike Emerald Green",599.00,388.00,Mountain
"Atmos Gap 29"" Hardtail Mountain Bike Emerald Green",599.00,388.00,Mountain
"Atmos Gap 29"" Hardtail Mountain Bike Emerald Green",599.00,388.00,Mountain
"Atmos Gap 29"" Hardtail Mountain Bike Emerald Green",599.00,388.00,Mountain
"Atmos Gap 29"" Hardtail Mountain Bike Emerald Green",599.00,388.00,Mountain
"Atmos Gap 29"" Hardtail Mountain Bike Emerald Green",599.00,388.00,Mountain
"Atmos Gap 29"" Hardtail Mountain Bike Emerald Green",599.00,388.00,Mountain
"Atmos Gap 29"" Hardtail Mountain Bike Emerald Green",599.00,388.00,Mountain
"Atmos Nerang 29"" Hardtail Mountain Bike Dark Silver",599.00,419.00,Mountain
"Atmos Nerang 29"" Hardtail Mountain Bike Dark Silver",599.00,419.00,Mountain
"Atmos Nerang 29"" Hardtail Mountain Bike Dark Silver",599.00,419.00,Mountain
"Atmos Nerang 29"" Hardtail Mountain Bike Dark Silver",599.00,419.00,Mountain
"Atmos Nerang 29"" Hardtail Mountain Bike Dark Silver",599.00,419.00,Mountain
"Atmos Nerang 29"" Hardtail Mountain Bike Dark Silver",599.00,419.00,Mountain
"Atmos Nerang 29"" Hardtail Mountain Bike Dark Silver",599.00,419.00,Mountain
"Atmos Nerang 29"" Hardtail Mountain Bike Dark Silver",599.00,419.00,Mountain
"Atmos Nerang 29"" Hardtail Mountain Bike Dark Silver",599.00,419.00,Mountain
"Atmos Nerang 29"" Hardtail Mountain Bike Dark Silver",599.00,419.00,Mountain
BMC Teammachine SLR FIVE Road Bike Grey/Black,5999.00,4869.00,Road
BMC Teammachine SLR FIVE Road Bike Grey/Black,5999.00,4869.00,Road
BMC Teammachine SLR FIVE Road Bike Grey/Black,5999.00,4869.00,Road
BMC Teammachine SLR Seven Road Bike Black,4099.00,3373.00,Road
BMC Teammachine SLR Seven Road Bike Black,4099.00,3373.00,Road
BMC Teammachine SLR Seven Road Bike Black,4099.00,3373.00,Road
BMC Teammachine SLR Three Road Bike Carbon Blue/White,7299.00,5467.00,Road
BMC Teammachine SLR Three Road Bike Carbon Blue/White,7299.00,5467.00,Road
BMC Teammachine SLR Three Road Bike Carbon Blue/White,7299.00,5467.00,Road
Cube Cargo Sport Hybrid 500 Electric Cargo Bike Flash Grey/Black,9499.99,6647.00,Touring/Hybrid
Cube Compact Sport Hybrid 500 Electric Bike Black 'n' Polar Silver,4699.99,3497.00,Touring/Hybrid
Cube Ella Ride Hybrid 500 Green Electric Comuter Bike Green,4799.00,2897.00,Cruiser/Standart
Cube Ella Ride Hybrid 500 Green Electric Comuter Bike Green,4799.00,2897.00,Touring/Hybrid
Cube Nuride Hybrid Performance 400 Electric Hybrid Bike Graphite/Black (2022),3999.99,2777.00,Touring/Hybrid
Cube Nuride Hybrid Performance Trapeze 400 Electric Hybrid Bike Graphite/Black (2022),3999.99,2777.00,Touring/Hybrid
Cube Nuride Hybrid Pro 500 All Road  Electric Hybrid Bike Black Metal,5499.00,3777.00,Touring/Hybrid
Cube Nuride Hybrid Pro 500 All Road Easy Entry Step Through Electric Hybrid Bike Black Metal,5499.00,3777.00,Touring/Hybrid
Cube Nuride Hybrid Pro 500 All-Road Trapeze Electric Hybrid Bike Black Metal,5499.00,4999.00,Touring/Hybrid
Cube Nuride Hybrid Pro 500 Allroad Electric Hybrid Bike Desert/Black,5199.99,3597.00,Touring/Hybrid
Cube Nuroad EX Gravel Bike Flashstone 'n' Orange,2799.00,2446.00,Road
Cube Nuroad EX Gravel Bike Flashstone 'n' Orange,2799.00,2446.00,Road
Cube Nuroad EX Gravel Bike Flashstone 'n' Orange,2799.00,2446.00,Road
Cube Nuroad Pro Gravel Bike Inkgrey 'n' Black,2199.00,1987.00,Road
Cube Nuroad Pro Gravel Bike Inkgrey 'n' Black,2199.00,1987.00,Road
Cube Nuroad Pro Gravel Bike Inkgrey 'n' Black,2199.00,1987.00,Road
Cube Reaction Hybrid Pro 500 Allroad Electric Hardtail Mountain Bike Flash Grey 'n' Green,5399.00,3997.00,Touring/Hybrid
Cube Reaction Hybrid Pro 500 Electric Hardtail Mountain Bike Flash Grey 'n' Green,5299.00,3699.00,Mountain
Cube Reaction Hybrid Pro 500 Electric Hardtail Mountain Bike Flash Grey 'n' Green,5299.00,3699.00,Mountain
Cube Reaction Hybrid Pro 500 Electric Hardtail Mountain Bike Flash Grey 'n' Green,5299.00,3699.00,Mountain
Cube Reaction Hybrid Pro 500 Electric Hardtail Mountain Bike Flash Grey 'n' Green,5299.00,3699.00,Mountain
Cube Reaction Hybrid Pro 500 Electric Hardtail Mountain Bike Flash Grey 'n' Green,5299.00,3699.00,Mountain
Cube Reaction Hybrid Pro 500 Electric Hardtail Mountain Bike Flash Grey 'n' Green,5299.00,3699.00,Mountain
Cube Reaction Hybrid Pro 500 Electric Hardtail Mountain Bike Flash Grey 'n' Green,5299.00,3699.00,Mountain
Cube Reaction Hybrid Pro 500 Electric Hardtail Mountain Bike Flash Grey 'n' Green,5299.00,3699.00,Mountain
Cube Reaction Hybrid Pro 500 Electric Hardtail Mountain Bike Flash Grey 'n' Green,5299.00,3699.00,Mountain
Cube Reaction Hybrid Pro 500 Electric Hardtail Mountain Bike Flash Grey 'n' Green,5299.00,3699.00,Mountain
Cube Reaction Hybrid Pro 500 Electric Hardtail Mountain Bike Flash White 'n' Black,5299.00,3699.00,Mountain
Cube Reaction Hybrid Pro 500 Electric Hardtail Mountain Bike Flash White 'n' Black,5299.00,3699.00,Mountain
Cube Reaction Hybrid Pro 500 Electric Hardtail Mountain Bike Flash White 'n' Black,5299.00,3699.00,Mountain
Cube Reaction Hybrid Pro 500 Electric Hardtail Mountain Bike Flash White 'n' Black,5299.00,3699.00,Mountain
Cube Reaction Hybrid Pro 500 Electric Hardtail Mountain Bike Flash White 'n' Black,5299.00,3699.00,Mountain
Cube Reaction Hybrid Pro 500 Electric Hardtail Mountain Bike Flash White 'n' Black,5299.00,3699.00,Mountain
Cube Reaction Hybrid Pro 500 Electric Hardtail Mountain Bike Flash White 'n' Black,5299.00,3699.00,Mountain
Cube Reaction Hybrid Pro 500 Electric Hardtail Mountain Bike Flash White 'n' Black,5299.00,3699.00,Mountain
Cube Reaction Hybrid Pro 500 Electric Hardtail Mountain Bike Flash White 'n' Black,5299.00,3699.00,Mountain
Cube Reaction Hybrid Pro 500 Electric Hardtail Mountain Bike Flash White 'n' Black,5299.00,3699.00,Mountain
Cube Reaction Hybrid Race 625 Electric Hardtail Mountain Bike Grey 'n' Metal,6299.00,4997.00,Mountain
Cube Reaction Hybrid Race 625 Electric Hardtail Mountain Bike Grey 'n' Metal,6299.00,4997.00,Mountain
Cube Reaction Hybrid Race 625 Electric Hardtail Mountain Bike Grey 'n' Metal,6299.00,4997.00,Mountain
Cube Reaction Hybrid Race 625 Electric Hardtail Mountain Bike Grey 'n' Metal,6299.00,4997.00,Mountain
Cube Reaction Hybrid Race 625 Electric Hardtail Mountain Bike Grey 'n' Metal,6299.00,4997.00,Mountain
Cube Reaction Hybrid Race 625 Electric Hardtail Mountain Bike Grey 'n' Metal,6299.00,4997.00,Mountain
Cube Reaction Hybrid Race 625 Electric Hardtail Mountain Bike Grey 'n' Metal,6299.00,4997.00,Mountain
Cube Reaction Hybrid Race 625 Electric Hardtail Mountain Bike Grey 'n' Metal,6299.00,4997.00,Mountain
Cube Reaction Hybrid Race 625 Electric Hardtail Mountain Bike Grey 'n' Metal,6299.00,4997.00,Mountain
Cube Reaction Hybrid Race 625 Electric Hardtail Mountain Bike Grey 'n' Metal,6299.00,4997.00,Mountain
Cube Stereo Hybrid 120 Pro 625 Electric Mountain Bike Flash Grey 'n' Orange,6799.00,4999.00,Mountain
Cube Stereo Hybrid 120 Pro 625 Electric Mountain Bike Flash Grey 'n' Orange,6799.00,4999.00,Mountain
Cube Stereo Hybrid 120 Pro 625 Electric Mountain Bike Flash Grey 'n' Orange,6799.00,4999.00,Mountain
Cube Stereo Hybrid 120 Pro 625 Electric Mountain Bike Flash Grey 'n' Orange,6799.00,4999.00,Mountain
Cube Stereo Hybrid 120 Pro 625 Electric Mountain Bike Flash Grey 'n' Orange,6799.00,4999.00,Mountain
Cube Stereo Hybrid 120 Pro 625 Electric Mountain Bike Flash Grey 'n' Orange,6799.00,4999.00,Mountain
Cube Stereo Hybrid 120 Pro 625 Electric Mountain Bike Flash Grey 'n' Orange,6799.00,4999.00,Mountain
Cube Stereo Hybrid 120 Pro 625 Electric Mountain Bike Flash Grey 'n' Orange,6799.00,4999.00,Mountain
Cube Stereo Hybrid 120 Pro 625 Electric Mountain Bike Flash Grey 'n' Orange,6799.00,4999.00,Mountain
Cube Stereo Hybrid 120 Pro 625 Electric Mountain Bike Flash Grey 'n' Orange,6799.00,4999.00,Mountain
Cube Stereo ONE44 C:62 Race Dual Suspension Mountain Bike Swamp Grey/Black,6999.00,3997.00,Mountain
Cube Stereo ONE44 C:62 Race Dual Suspension Mountain Bike Swamp Grey/Black,6999.00,3997.00,Mountain
Cube Stereo ONE44 C:62 Race Dual Suspension Mountain Bike Swamp Grey/Black,6999.00,3997.00,Mountain
Cube Stereo ONE44 C:62 Race Dual Suspension Mountain Bike Swamp Grey/Black,6999.00,3997.00,Mountain
Cube Stereo ONE44 C:62 Race Dual Suspension Mountain Bike Swamp Grey/Black,6999.00,3997.00,Mountain
Cube Stereo ONE44 C:62 Race Dual Suspension Mountain Bike Swamp Grey/Black,6999.00,3997.00,Mountain
Cube Stereo ONE44 C:62 Race Dual Suspension Mountain Bike Swamp Grey/Black,6999.00,3997.00,Mountain
Cube Stereo ONE44 C:62 Race Dual Suspension Mountain Bike Swamp Grey/Black,6999.00,3997.00,Mountain
Cube Stereo ONE44 C:62 Race Dual Suspension Mountain Bike Swamp Grey/Black,6999.00,3997.00,Mountain
Cube Stereo ONE44 C:62 Race Dual Suspension Mountain Bike Swamp Grey/Black,6999.00,3997.00,Mountain
Cube Stereo ONE55 C:62 Race 29 Dual Suspension Mountain Bike Light Grey/Grey,6299.00,3457.00,Mountain
Cube Stereo ONE55 C:62 Race 29 Dual Suspension Mountain Bike Light Grey/Grey,6299.00,3457.00,Mountain
Cube Stereo ONE55 C:62 Race 29 Dual Suspension Mountain Bike Light Grey/Grey,6299.00,3457.00,Mountain
Cube Stereo ONE55 C:62 Race 29 Dual Suspension Mountain Bike Light Grey/Grey,6299.00,3457.00,Mountain
Cube Stereo ONE55 C:62 Race 29 Dual Suspension Mountain Bike Light Grey/Grey,6299.00,3457.00,Mountain
Cube Stereo ONE55 C:62 Race 29 Dual Suspension Mountain Bike Light Grey/Grey,6299.00,3457.00,Mountain
Cube Stereo ONE55 C:62 Race 29 Dual Suspension Mountain Bike Light Grey/Grey,6299.00,3457.00,Mountain
Cube Stereo ONE55 C:62 Race 29 Dual Suspension Mountain Bike Light Grey/Grey,6299.00,3457.00,Mountain
Cube Stereo ONE55 C:62 Race 29 Dual Suspension Mountain Bike Light Grey/Grey,6299.00,3457.00,Mountain
Cube Stereo ONE55 C:62 Race 29 Dual Suspension Mountain Bike Light Grey/Grey,6299.00,3457.00,Mountain
Cube Stereo ONE55 C:62 SLX 29 Full Suspension Mountain Bike Bondi Blue 'n' Grey,7199.00,5397.00,Mountain
Cube Stereo ONE55 C:62 SLX 29 Full Suspension Mountain Bike Bondi Blue 'n' Grey,7199.00,5397.00,Mountain
Cube Stereo ONE55 C:62 SLX 29 Full Suspension Mountain Bike Bondi Blue 'n' Grey,7199.00,5397.00,Mountain
Cube Stereo ONE55 C:62 SLX 29 Full Suspension Mountain Bike Bondi Blue 'n' Grey,7199.00,5397.00,Mountain
Cube Stereo ONE55 C:62 SLX 29 Full Suspension Mountain Bike Bondi Blue 'n' Grey,7199.00,5397.00,Mountain
Cube Stereo ONE55 C:62 SLX 29 Full Suspension Mountain Bike Bondi Blue 'n' Grey,7199.00,5397.00,Mountain
Cube Stereo ONE55 C:62 SLX 29 Full Suspension Mountain Bike Bondi Blue 'n' Grey,7199.00,5397.00,Mountain
Cube Stereo ONE55 C:62 SLX 29 Full Suspension Mountain Bike Bondi Blue 'n' Grey,7199.00,5397.00,Mountain
Cube Stereo ONE55 C:62 SLX 29 Full Suspension Mountain Bike Bondi Blue 'n' Grey,7199.00,5397.00,Mountain
Cube Stereo ONE55 C:62 SLX 29 Full Suspension Mountain Bike Bondi Blue 'n' Grey,7199.00,5397.00,Mountain
Cube Supreme Hybrid ONE 400 EasyEntry Hybrid Bike Lunar Grey,4199.00,3357.00,Touring/Hybrid
Cube Supreme Sport Hybrid ONE 400 EasyEntry Electric Hybrid Bike Grey Blue 'n' Blue,4199.99,3357.00,Touring/Hybrid
Cube Touring Hybrid ONE 500 Electric Hybrid Bike Grey Blue 'n' Blue,4999.99,2999.00,Touring/Hybrid
Cube Touring Hybrid ONE Trapeze Electric Hybrid Bike Grey Blue 'n' Blue,4999.99,2999.00,Touring/Hybrid
"Kink Drifter 26""BMX Bike Matte Midnight Black 2023",949.00,898.00,Cruiser/Standart
Merida Big Nine 20 Mountain Bike Matt Dark Silver/Silver,899.00,759.00,Mountain
Merida Big Nine 20 Mountain Bike Matt Dark Silver/Silver,899.00,759.00,Mountain
Merida Big Nine 20 Mountain Bike Matt Dark Silver/Silver,899.00,759.00,Mountain
Merida Big Nine 20 Mountain Bike Matt Dark Silver/Silver,899.00,759.00,Mountain
Merida Big Nine 20 Mountain Bike Matt Dark Silver/Silver,899.00,759.00,Mountain
Merida Big Nine 20 Mountain Bike Matt Dark Silver/Silver,899.00,759.00,Mountain
Merida Big Nine 20 Mountain Bike Matt Dark Silver/Silver,899.00,759.00,Mountain
Merida Big Nine 20 Mountain Bike Matt Dark Silver/Silver,899.00,759.00,Mountain
Merida Big Nine 20 Mountain Bike Matt Dark Silver/Silver,899.00,759.00,Mountain
Merida Big Nine 20 Mountain Bike Matt Dark Silver/Silver,899.00,759.00,Mountain
Merida Big Seven 10 D Mountain Bike Anthracite Green/Silver,729.00,598.00,Mountain
Merida Big Seven 10 D Mountain Bike Anthracite Green/Silver,729.00,598.00,Mountain
Merida Big Seven 10 D Mountain Bike Anthracite Green/Silver,729.00,598.00,Mountain
Merida Big Seven 10 D Mountain Bike Anthracite Green/Silver,729.00,598.00,Mountain
Merida Big Seven 10 D Mountain Bike Anthracite Green/Silver,729.00,598.00,Mountain
Merida Big Seven 10 D Mountain Bike Anthracite Green/Silver,729.00,598.00,Mountain
Merida Big Seven 10 D Mountain Bike Anthracite Green/Silver,729.00,598.00,Mountain
Merida Big Seven 10 D Mountain Bike Anthracite Green/Silver,729.00,598.00,Mountain
Merida Big Seven 10 D Mountain Bike Anthracite Green/Silver,729.00,598.00,Mountain
Merida Big Seven 10 D Mountain Bike Anthracite Green/Silver,729.00,598.00,Mountain
Merida Big Seven 10 MD Mountain Bike Race Red/White,639.00,443.00,Mountain
Merida Big Seven 10 MD Mountain Bike Race Red/White,639.00,443.00,Mountain
Merida Big Seven 10 MD Mountain Bike Race Red/White,639.00,443.00,Mountain
Merida Big Seven 10 MD Mountain Bike Race Red/White,639.00,443.00,Mountain
Merida Big Seven 10 MD Mountain Bike Race Red/White,639.00,443.00,Mountain
Merida Big Seven 10 MD Mountain Bike Race Red/White,639.00,443.00,Mountain
Merida Big Seven 10 MD Mountain Bike Race Red/White,639.00,443.00,Mountain
Merida Big Seven 10 MD Mountain Bike Race Red/White,639.00,443.00,Mountain
Merida Big Seven 10 MD Mountain Bike Race Red/White,639.00,443.00,Mountain
Merida Big Seven 10 MD Mountain Bike Race Red/White,639.00,443.00,Mountain
Merida Matts 6.5 V Mountain Bike Black/Green,599.00,487.00,Mountain
Merida Matts 6.5 V Mountain Bike Black/Green,599.00,487.00,Mountain
Merida Matts 6.5 V Mountain Bike Black/Green,599.00,487.00,Mountain
Merida Matts 6.5 V Mountain Bike Black/Green,599.00,487.00,Mountain
Merida Matts 6.5 V Mountain Bike Black/Green,599.00,487.00,Mountain
Merida Matts 6.5 V Mountain Bike Black/Green,599.00,487.00,Mountain
Merida Matts 6.5 V Mountain Bike Black/Green,599.00,487.00,Mountain
Merida Matts 6.5 V Mountain Bike Black/Green,599.00,487.00,Mountain
Merida Matts 6.5 V Mountain Bike Black/Green,599.00,487.00,Mountain
Merida Matts 6.5 V Mountain Bike Black/Green,599.00,487.00,Mountain
Merida Matts 6.5 V Women's Mountain Bike Glossy Teal Blue/Black,599.00,487.00,Mountain
Merida Matts 6.5 V Women's Mountain Bike Glossy Teal Blue/Black,599.00,487.00,Mountain
Merida Matts 6.5 V Women's Mountain Bike Glossy Teal Blue/Black,599.00,487.00,Mountain
Merida Matts 6.5 V Women's Mountain Bike Glossy Teal Blue/Black,599.00,487.00,Mountain
Merida Matts 6.5 V Women's Mountain Bike Glossy Teal Blue/Black,599.00,487.00,Mountain
Merida Matts 6.5 V Women's Mountain Bike Glossy Teal Blue/Black,599.00,487.00,Mountain
Merida Matts 6.5 V Women's Mountain Bike Glossy Teal Blue/Black,599.00,487.00,Mountain
Merida Matts 6.5 V Women's Mountain Bike Glossy Teal Blue/Black,599.00,487.00,Mountain
Merida Matts 6.5 V Women's Mountain Bike Glossy Teal Blue/Black,599.00,487.00,Mountain
Merida Matts 6.5 V Women's Mountain Bike Glossy Teal Blue/Black,599.00,487.00,Mountain
Merida Matts 7.10 D Women's Mountain Bike Blue/Teal,729.00,598.00,Mountain
Merida Matts 7.10 D Women's Mountain Bike Blue/Teal,729.00,598.00,Mountain
Merida Matts 7.10 D Women's Mountain Bike Blue/Teal,729.00,598.00,Mountain
Merida Matts 7.10 D Women's Mountain Bike Blue/Teal,729.00,598.00,Mountain
Merida Matts 7.10 D Women's Mountain Bike Blue/Teal,729.00,598.00,Mountain
Merida Matts 7.10 D Women's Mountain Bike Blue/Teal,729.00,598.00,Mountain
Merida Matts 7.10 D Women's Mountain Bike Blue/Teal,729.00,598.00,Mountain
Merida Matts 7.10 D Women's Mountain Bike Blue/Teal,729.00,598.00,Mountain
Merida Matts 7.10 D Women's Mountain Bike Blue/Teal,729.00,598.00,Mountain
Merida Matts 7.10 D Women's Mountain Bike Blue/Teal,729.00,598.00,Mountain
Merida One-Forty 400 Dual Suspension Mountain Bike Metallic Green/Black,3399.00,2037.00,Mountain
Merida One-Forty 400 Dual Suspension Mountain Bike Metallic Green/Black,3399.00,2037.00,Mountain
Merida One-Forty 400 Dual Suspension Mountain Bike Metallic Green/Black,3399.00,2037.00,Mountain
Merida One-Forty 400 Dual Suspension Mountain Bike Metallic Green/Black,3399.00,2037.00,Mountain
Merida One-Forty 400 Dual Suspension Mountain Bike Metallic Green/Black,3399.00,2037.00,Mountain
Merida One-Forty 400 Dual Suspension Mountain Bike Metallic Green/Black,3399.00,2037.00,Mountain
Merida One-Forty 400 Dual Suspension Mountain Bike Metallic Green/Black,3399.00,2037.00,Mountain
Merida One-Forty 400 Dual Suspension Mountain Bike Metallic Green/Black,3399.00,2037.00,Mountain
Merida One-Forty 400 Dual Suspension Mountain Bike Metallic Green/Black,3399.00,2037.00,Mountain
Merida One-Forty 400 Dual Suspension Mountain Bike Metallic Green/Black,3399.00,2037.00,Mountain
Merida One-Forty 700 Dual Suspension Mountain Bike Metallic Teal/Black,4599.00,3299.00,Mountain
Merida One-Forty 700 Dual Suspension Mountain Bike Metallic Teal/Black,4599.00,3299.00,Mountain
Merida One-Forty 700 Dual Suspension Mountain Bike Metallic Teal/Black,4599.00,3299.00,Mountain
Merida One-Forty 700 Dual Suspension Mountain Bike Metallic Teal/Black,4599.00,3299.00,Mountain
Merida One-Forty 700 Dual Suspension Mountain Bike Metallic Teal/Black,4599.00,3299.00,Mountain
Merida One-Forty 700 Dual Suspension Mountain Bike Metallic Teal/Black,4599.00,3299.00,Mountain
Merida One-Forty 700 Dual Suspension Mountain Bike Metallic Teal/Black,4599.00,3299.00,Mountain
Merida One-Forty 700 Dual Suspension Mountain Bike Metallic Teal/Black,4599.00,3299.00,Mountain
Merida One-Forty 700 Dual Suspension Mountain Bike Metallic Teal/Black,4599.00,3299.00,Mountain
Merida One-Forty 700 Dual Suspension Mountain Bike Metallic Teal/Black,4599.00,3299.00,Mountain
Merida One-Sixty 500 Dual Suspension Mountain Bike Gunmetal Grey/White,3999.00,2727.00,Mountain
Merida One-Sixty 500 Dual Suspension Mountain Bike Gunmetal Grey/White,3999.00,2727.00,Mountain
Merida One-Sixty 500 Dual Suspension Mountain Bike Gunmetal Grey/White,3999.00,2727.00,Mountain
Merida One-Sixty 500 Dual Suspension Mountain Bike Gunmetal Grey/White,3999.00,2727.00,Mountain
Merida One-Sixty 500 Dual Suspension Mountain Bike Gunmetal Grey/White,3999.00,2727.00,Mountain
Merida One-Sixty 500 Dual Suspension Mountain Bike Gunmetal Grey/White,3999.00,2727.00,Mountain
Merida One-Sixty 500 Dual Suspension Mountain Bike Gunmetal Grey/White,3999.00,2727.00,Mountain
Merida One-Sixty 500 Dual Suspension Mountain Bike Gunmetal Grey/White,3999.00,2727.00,Mountain
Merida One-Sixty 500 Dual Suspension Mountain Bike Gunmetal Grey/White,3999.00,2727.00,Mountain
Merida One-Sixty 500 Dual Suspension Mountain Bike Gunmetal Grey/White,3999.00,2727.00,Mountain
Merida One-Sixty 700 Silk Bronze/Black/White,4999.00,3697.00,Mountain
Merida One-Sixty 700 Silk Bronze/Black/White,4999.00,3697.00,Mountain
Merida One-Sixty 700 Silk Bronze/Black/White,4999.00,3697.00,Mountain
Merida One-Sixty 700 Silk Bronze/Black/White,4999.00,3697.00,Mountain
Merida One-Sixty 700 Silk Bronze/Black/White,4999.00,3697.00,Mountain
Merida One-Sixty 700 Silk Bronze/Black/White,4999.00,3697.00,Mountain
Merida One-Sixty 700 Silk Bronze/Black/White,4999.00,3697.00,Mountain
Merida One-Sixty 700 Silk Bronze/Black/White,4999.00,3697.00,Mountain
Merida One-Sixty 700 Silk Bronze/Black/White,4999.00,3697.00,Mountain
Merida One-Sixty 700 Silk Bronze/Black/White,4999.00,3697.00,Mountain
Merida One-Twenty 300 Dual Suspension Mountain Bike Silk Cool Grey Black/Silver,2599.00,2197.00,Mountain
Merida One-Twenty 300 Dual Suspension Mountain Bike Silk Cool Grey Black/Silver,2599.00,2197.00,Mountain
Merida One-Twenty 300 Dual Suspension Mountain Bike Silk Cool Grey Black/Silver,2599.00,2197.00,Mountain
Merida One-Twenty 300 Dual Suspension Mountain Bike Silk Cool Grey Black/Silver,2599.00,2197.00,Mountain
Merida One-Twenty 300 Dual Suspension Mountain Bike Silk Cool Grey Black/Silver,2599.00,2197.00,Mountain
Merida One-Twenty 300 Dual Suspension Mountain Bike Silk Cool Grey Black/Silver,2599.00,2197.00,Mountain
Merida One-Twenty 300 Dual Suspension Mountain Bike Silk Cool Grey Black/Silver,2599.00,2197.00,Mountain
Merida One-Twenty 300 Dual Suspension Mountain Bike Silk Cool Grey Black/Silver,2599.00,2197.00,Mountain
Merida One-Twenty 300 Dual Suspension Mountain Bike Silk Cool Grey Black/Silver,2599.00,2197.00,Mountain
Merida One-Twenty 300 Dual Suspension Mountain Bike Silk Cool Grey Black/Silver,2599.00,2197.00,Mountain
Merida One-Twenty 300 Dual Suspension Mountain Bike Silk Steel Blue/Blue/Lime,2599.00,2197.00,Mountain
Merida One-Twenty 300 Dual Suspension Mountain Bike Silk Steel Blue/Blue/Lime,2599.00,2197.00,Mountain
Merida One-Twenty 300 Dual Suspension Mountain Bike Silk Steel Blue/Blue/Lime,2599.00,2197.00,Mountain
Merida One-Twenty 300 Dual Suspension Mountain Bike Silk Steel Blue/Blue/Lime,2599.00,2197.00,Mountain
Merida One-Twenty 300 Dual Suspension Mountain Bike Silk Steel Blue/Blue/Lime,2599.00,2197.00,Mountain
Merida One-Twenty 300 Dual Suspension Mountain Bike Silk Steel Blue/Blue/Lime,2599.00,2197.00,Mountain
Merida One-Twenty 300 Dual Suspension Mountain Bike Silk Steel Blue/Blue/Lime,2599.00,2197.00,Mountain
Merida One-Twenty 300 Dual Suspension Mountain Bike Silk Steel Blue/Blue/Lime,2599.00,2197.00,Mountain
Merida One-Twenty 300 Dual Suspension Mountain Bike Silk Steel Blue/Blue/Lime,2599.00,2197.00,Mountain
Merida One-Twenty 300 Dual Suspension Mountain Bike Silk Steel Blue/Blue/Lime,2599.00,2197.00,Mountain
Merida One-Twenty RC 300 Dual Suspension Mountain Bike Teal-Blue/Lime,2399.00,1499.00,Mountain
Merida One-Twenty RC 300 Dual Suspension Mountain Bike Teal-Blue/Lime,2399.00,1499.00,Mountain
Merida One-Twenty RC 300 Dual Suspension Mountain Bike Teal-Blue/Lime,2399.00,1499.00,Mountain
Merida One-Twenty RC 300 Dual Suspension Mountain Bike Teal-Blue/Lime,2399.00,1499.00,Mountain
Merida One-Twenty RC 300 Dual Suspension Mountain Bike Teal-Blue/Lime,2399.00,1499.00,Mountain
Merida One-Twenty RC 300 Dual Suspension Mountain Bike Teal-Blue/Lime,2399.00,1499.00,Mountain
Merida One-Twenty RC 300 Dual Suspension Mountain Bike Teal-Blue/Lime,2399.00,1499.00,Mountain
Merida One-Twenty RC 300 Dual Suspension Mountain Bike Teal-Blue/Lime,2399.00,1499.00,Mountain
Merida One-Twenty RC 300 Dual Suspension Mountain Bike Teal-Blue/Lime,2399.00,1499.00,Mountain
Merida One-Twenty RC 300 Dual Suspension Mountain Bike Teal-Blue/Lime,2399.00,1499.00,Mountain
Merida Scultura 200 Road Bike Metallic Black/Silver,1599.00,1392.00,Road
Merida Scultura 200 Road Bike Metallic Black/Silver,1599.00,1392.00,Road
Merida Scultura 200 Road Bike Metallic Black/Silver,1599.00,1392.00,Road
Merida Scultura 300 Road Bike Matt Blue,2200.00,1987.00,Road
Merida Scultura 300 Road Bike Matt Blue,2200.00,1987.00,Road
Merida Scultura 300 Road Bike Matt Blue,2200.00,1987.00,Road
Merida Scultura 4000 Road Bike Metallic Black/Silver,2999.00,2838.00,Road
Merida Scultura 4000 Road Bike Metallic Black/Silver,2999.00,2838.00,Road
Merida Scultura 4000 Road Bike Metallic Black/Silver,2999.00,2838.00,Road
Merida Scultura 6000 Road Bike Metallic Black/Silver,4299.00,3799.00,Road
Merida Scultura 6000 Road Bike Metallic Black/Silver,4299.00,3799.00,Road
Merida Scultura 6000 Road Bike Metallic Black/Silver,4299.00,3799.00,Road
Merida Scultura 6000 Road Bike White/Gunmetal Grey,4299.00,3799.00,Road
Merida Scultura 6000 Road Bike White/Gunmetal Grey,4299.00,3799.00,Road
Merida Scultura 6000 Road Bike White/Gunmetal Grey,4299.00,3799.00,Road
Merida Scultura Endurance 300 Road Bike Black/Silver,2200.00,1756.00,Road
Merida Scultura Endurance 300 Road Bike Black/Silver,2200.00,1756.00,Road
Merida Scultura Endurance 300 Road Bike Black/Silver,2200.00,1756.00,Road
Merida Scultura Endurance 400 Road Bike Black/Silver,2500.00,2246.00,Road
Merida Scultura Endurance 400 Road Bike Black/Silver,2500.00,2246.00,Road
Merida Scultura Endurance 400 Road Bike Black/Silver,2500.00,2246.00,Road
Merida Scultura Endurance 5000 Road Bike Matt Fog Green/Black,3600.00,3499.00,Road
Merida Scultura Endurance 5000 Road Bike Matt Fog Green/Black,3600.00,3499.00,Road
Merida Scultura Endurance 5000 Road Bike Matt Fog Green/Black,3600.00,3499.00,Road
Merida Scultura Rim 100 Road Bike Blue,1259.00,899.00,Road
Merida Scultura Rim 100 Road Bike Blue,1259.00,899.00,Road
Merida Scultura Rim 100 Road Bike Blue,1259.00,899.00,Road
Merida Scultura Rim 100 Road Bike Silk Titan/Green,1260.00,899.00,Road
Merida Scultura Rim 100 Road Bike Silk Titan/Green,1260.00,899.00,Road
Merida Scultura Rim 100 Road Bike Silk Titan/Green,1260.00,899.00,Road
Merida Scultura Rim 400 Road Bike Metallic Black/Silver,1999.00,1793.00,Road
Merida Scultura Rim 400 Road Bike Metallic Black/Silver,1999.00,1793.00,Road
Merida Scultura Rim 400 Road Bike Metallic Black/Silver,1999.00,1793.00,Road
Merida Silex 400 Gravel Bike Glossy Black/Matt Black,2299.00,2066.00,Road
Merida Silex 400 Gravel Bike Glossy Black/Matt Black,2299.00,2066.00,Road
Merida Silex 400 Gravel Bike Glossy Black/Matt Black,2299.00,2066.00,Road
Merida Speeder 20 Flat Bar Road Bike Anthracite Black,799.00,648.00,Road
Merida Speeder 20 Flat Bar Road Bike Anthracite Black,799.00,648.00,Road
Merida Speeder 20 Flat Bar Road Bike Anthracite Black,799.00,648.00,Road
Merida Speeder 200 Flat Bar Road Bike Red,1300.00,1099.00,Road
Merida Speeder 200 Flat Bar Road Bike Red,1300.00,1099.00,Road
Merida Speeder 200 Flat Bar Road Bike Red,1300.00,1099.00,Road
Merida eBig.Tour 400 EQ Electric Hybrid Bike Teal Blue,5499.00,4674.00,Touring/Hybrid
Merida eScultura 400 Electric Road Bike Race Red,4999.00,3997.00,Road
Merida eScultura 400 Electric Road Bike Race Red,4999.00,3997.00,Road
Merida eScultura 400 Electric Road Bike Race Red,4999.00,3997.00,Road
Merida eSilex 400 Electric Gravel Bike Dark Silver/Black,4699.00,3297.00,Touring/Hybrid
Merida eSilex 400 Electric Gravel Bike Dark Silver/Black,4699.00,3297.00,Road
Merida eSilex 400 Electric Gravel Bike Dark Silver/Black,4699.00,3297.00,Road
Merida eSilex 400 Electric Gravel Bike Dark Silver/Black,4699.00,3297.00,Road
Merida eSilex 400 Electric Gravel Bike Teal,4699.00,3297.00,Touring/Hybrid
Merida eSilex 400 Electric Gravel Bike Teal,4699.00,3297.00,Road
Merida eSilex 400 Electric Gravel Bike Teal,4699.00,3297.00,Road
Merida eSilex 400 Electric Gravel Bike Teal,4699.00,3297.00,Road
Merida eSilex+ 600 Electric Gravel Bike Orange/Black,4999.00,3742.00,Road
Merida eSilex+ 600 Electric Gravel Bike Orange/Black,4999.00,3742.00,Road
Merida eSilex+ 600 Electric Gravel Bike Orange/Black,4999.00,3742.00,Road
Merida eSilex+ 600 Electric Gravel Bike Orange/Black,4999.00,3742.00,Touring/Hybrid
Merida eSpeeder 200 Electric Flat Bar Road Bike Steel Blue,3999.00,3599.00,Road
Merida eSpeeder 200 Electric Flat Bar Road Bike Steel Blue,3999.00,3599.00,Road
Merida eSpeeder 200 Electric Flat Bar Road Bike Steel Blue,3999.00,3599.00,Touring/Hybrid
Merida eSpeeder 200 Electric Flat Bar Road Bike Steel Blue,3999.00,3599.00,Road
Merida eSpresso 300 SE EQ 504Wh Electric Hybrid Bike Dark Silver,3899.00,2577.00,Touring/Hybrid
Merida eSpresso 300 SE EQ 504Wh Electric Hybrid Bike Silk Fog Green,3899.00,2577.00,Touring/Hybrid
Merida eSpresso 400 S EQ 504Wh Electric Hybrid Bike Burgundy Red,4799.00,3992.00,Touring/Hybrid
Merida eSpresso 400 S EQ 504Wh Women's Electric Hybrid Bike Silk Blue,4799.00,3992.00,Touring/Hybrid
Merida eSpresso 400 S EQ Electric Hybrid Bike Silk Blue/Black,4799.00,3447.00,Touring/Hybrid
Merida eSpresso 700 EQ 630Wh Women's Electric Hybrid Bike Teal Blue/Black,5799.00,4923.00,Touring/Hybrid
Merida eSpresso CC 400 EQ 630Wh Electric Hybrid Bike Matt Fog Green/Black,5249.00,3936.00,Touring/Hybrid
Merida eSpresso CC 400 SE EQ 504Wh Electric Hybrid Bike Silk Blue Steel/Black,4499.00,3568.00,Touring/Hybrid
Merida eSpresso CC 400 SE EQ Electric Hybrid Bike Silk Black/Steel Blue,4499.00,3568.00,Touring/Hybrid
Merida eSpresso CC 400 SE EQ Electric Hybrid Bike Silk Titan/Black,4499.00,3568.00,Touring/Hybrid
Merida eSpresso City 300SE EQ 504Wh Electric Hybrid Bike Step-Thru Matt Silver,3999.00,3496.00,Touring/Hybrid
Merida eSpresso City 300SE EQ 504Wh Electric Hybrid Bike Step-Thru Silk Green,3999.00,3496.00,Touring/Hybrid
Merida eSpresso City 400 EQ 504Wh Electric Hybrid Bike Burgundy Red/Black,4999.00,4243.00,Touring/Hybrid
Merida eSpresso City 400 EQ 504Wh Electric Hybrid Bike Silk Blue/Black,4999.00,4243.00,Touring/Hybrid
Merida eSpresso Urban 100 EQ Electric Hybrid Bike Evergreen/Grey,3999.00,2777.00,Touring/Hybrid
Merida eSpresso Urban 300 EQ Electric Hybrid Bike Dark Strawberry/Black,4299.00,2997.00,Touring/Hybrid
Norco Indie VLT 1 Electric Hybrid Bike Red/Silver,4999.99,2997.00,Touring/Hybrid
Norco Scene 1 Hybrid Bike,999.00,898.00,Cruiser/Standart
Norco Scene 3 Hybrid Bike Blue,849.00,699.00,Cruiser/Standart
Norco Scene 3 Hybrid Bike Grey,849.00,699.00,Cruiser/Standart
Norco Scene 3 Womens Hybrid Bike Pink,849.00,699.00,Cruiser/Standart
Norco Scene VLT Electric Bike Blue/White,4199.00,3774.00,Touring/Hybrid
Norco Scene VLT Electric Hybrid Bike Green,4199.00,3774.00,Touring/Hybrid
Norco Search XR A1 Gravel Bike Orange/Grey,2799.00,2339.00,Road
Norco Search XR A1 Gravel Bike Orange/Grey,2799.00,2339.00,Road
Norco Search XR A1 Gravel Bike Orange/Grey,2799.00,2339.00,Road
Norco Search XR A2 Gravel Bike Green/Green,2199.00,1644.00,Road
Norco Search XR A2 Gravel Bike Green/Green,2199.00,1644.00,Road
Norco Search XR A2 Gravel Bike Green/Green,2199.00,1644.00,Road
Norco Search XR A2 Gravel Bike Tan/Grey,2199.00,1988.00,Road
Norco Search XR A2 Gravel Bike Tan/Grey,2199.00,1988.00,Road
Norco Search XR A2 Gravel Bike Tan/Grey,2199.00,1988.00,Road
Norco Search XR S1 Gravel Bike Warm Grey,3999.00,2748.00,Road
Norco Search XR S1 Gravel Bike Warm Grey,3999.00,2748.00,Road
Norco Search XR S1 Gravel Bike Warm Grey,3999.00,2748.00,Road
Norco Search XR S2 Gravel Bike Steller Blue,3299.00,1976.00,Road
Norco Search XR S2 Gravel Bike Steller Blue,3299.00,1976.00,Road
Norco Search XR S2 Gravel Bike Steller Blue,3299.00,1976.00,Road
Norco Storm 1 29 Mountain Bike Red/Red,1399.00,1038.00,Mountain
Norco Storm 1 29 Mountain Bike Red/Red,1399.00,1038.00,Mountain
Norco Storm 1 29 Mountain Bike Red/Red,1399.00,1038.00,Mountain
Norco Storm 1 29 Mountain Bike Red/Red,1399.00,1038.00,Mountain
Norco Storm 1 29 Mountain Bike Red/Red,1399.00,1038.00,Mountain
Norco Storm 1 29 Mountain Bike Red/Red,1399.00,1038.00,Mountain
Norco Storm 1 29 Mountain Bike Red/Red,1399.00,1038.00,Mountain
Norco Storm 1 29 Mountain Bike Red/Red,1399.00,1038.00,Mountain
Norco Storm 1 29 Mountain Bike Red/Red,1399.00,1038.00,Mountain
Norco Storm 1 29 Mountain Bike Red/Red,1399.00,1038.00,Mountain
"Norco Storm 4 27.5"" Mountain Bike Black/Charcoal",849.00,744.00,Mountain
"Norco Storm 4 27.5"" Mountain Bike Black/Charcoal",849.00,744.00,Mountain
"Norco Storm 4 27.5"" Mountain Bike Black/Charcoal",849.00,744.00,Mountain
"Norco Storm 4 27.5"" Mountain Bike Black/Charcoal",849.00,744.00,Mountain
"Norco Storm 4 27.5"" Mountain Bike Black/Charcoal",849.00,744.00,Mountain
"Norco Storm 4 27.5"" Mountain Bike Black/Charcoal",849.00,744.00,Mountain
"Norco Storm 4 27.5"" Mountain Bike Black/Charcoal",849.00,744.00,Mountain
"Norco Storm 4 27.5"" Mountain Bike Black/Charcoal",849.00,744.00,Mountain
"Norco Storm 4 27.5"" Mountain Bike Black/Charcoal",849.00,744.00,Mountain
"Norco Storm 4 27.5"" Mountain Bike Black/Charcoal",849.00,744.00,Mountain
"Norco Storm 5 27.5"" mountain Bike Silver/Black",799.00,668.00,Mountain
"Norco Storm 5 27.5"" mountain Bike Silver/Black",799.00,668.00,Mountain
"Norco Storm 5 27.5"" mountain Bike Silver/Black",799.00,668.00,Mountain
"Norco Storm 5 27.5"" mountain Bike Silver/Black",799.00,668.00,Mountain
"Norco Storm 5 27.5"" mountain Bike Silver/Black",799.00,668.00,Mountain
"Norco Storm 5 27.5"" mountain Bike Silver/Black",799.00,668.00,Mountain
"Norco Storm 5 27.5"" mountain Bike Silver/Black",799.00,668.00,Mountain
"Norco Storm 5 27.5"" mountain Bike Silver/Black",799.00,668.00,Mountain
"Norco Storm 5 27.5"" mountain Bike Silver/Black",799.00,668.00,Mountain
"Norco Storm 5 27.5"" mountain Bike Silver/Black",799.00,668.00,Mountain
Norco Torrent HT S2 Mountain Bike Green/Silver,3399.00,1997.00,Mountain
Norco Torrent HT S2 Mountain Bike Green/Silver,3399.00,1997.00,Mountain
Norco Torrent HT S2 Mountain Bike Green/Silver,3399.00,1997.00,Mountain
Norco Torrent HT S2 Mountain Bike Green/Silver,3399.00,1997.00,Mountain
Norco Torrent HT S2 Mountain Bike Green/Silver,3399.00,1997.00,Mountain
Norco Torrent HT S2 Mountain Bike Green/Silver,3399.00,1997.00,Mountain
Norco Torrent HT S2 Mountain Bike Green/Silver,3399.00,1997.00,Mountain
Norco Torrent HT S2 Mountain Bike Green/Silver,3399.00,1997.00,Mountain
Norco Torrent HT S2 Mountain Bike Green/Silver,3399.00,1997.00,Mountain
Norco Torrent HT S2 Mountain Bike Green/Silver,3399.00,1997.00,Mountain
Norco Yorkville Women's Cruiser Bike Black,699.00,399.00,Cruiser/Standart
Norco Yorkville Women's Cruiser Bike Blue,699.00,399.00,Cruiser/Standart
Pedal Cavalier 2 HD Flat Bar Road Bike Marine Blue,699.00,499.00,Road
Pedal Cavalier 2 HD Flat Bar Road Bike Marine Blue,699.00,499.00,Road
Pedal Cavalier 2 HD Flat Bar Road Bike Marine Blue,699.00,499.00,Road
Pedal Clipper Electric  Flat Bar Road Bike Grey 50cm,1499.00,899.00,Touring/Hybrid
Pedal Clipper Electric Flat Bar Road Bike Grey 54cm,1499.00,899.00,Touring/Hybrid
Pedal Colt 2 Hardtail Mountain Bike Blue,999.00,596.00,Mountain
Pedal Colt 2 Hardtail Mountain Bike Blue,999.00,596.00,Mountain
Pedal Colt 2 Hardtail Mountain Bike Blue,999.00,596.00,Mountain
Pedal Colt 2 Hardtail Mountain Bike Blue,999.00,596.00,Mountain
Pedal Colt 2 Hardtail Mountain Bike Blue,999.00,596.00,Mountain
Pedal Colt 2 Hardtail Mountain Bike Blue,999.00,596.00,Mountain
Pedal Colt 2 Hardtail Mountain Bike Blue,999.00,596.00,Mountain
Pedal Colt 2 Hardtail Mountain Bike Blue,999.00,596.00,Mountain
Pedal Colt 2 Hardtail Mountain Bike Blue,999.00,596.00,Mountain
Pedal Colt 2 Hardtail Mountain Bike Blue,999.00,596.00,Mountain
Pedal Comet 2 Step Through Electric Cruiser Bike Lunar Grey,1699.00,1273.00,Touring/Hybrid
Pedal Comet 2 Step Through Electric Cruiser Bike Lunar Grey,1699.00,1273.00,Cruiser/Standart
"Pedal Comet Step Through 27.5"" Electric Cruiser Bike Lunar Grey",1699.00,1273.00,Touring/Hybrid
Pedal Copacabana Cruiser Bike Matt Black,399.00,279.00,Cruiser/Standart
Pedal Dodger Electric Flat Bar Road Bike Blue,2099.00,1677.00,Touring/Hybrid
Pedal Falcon 3 Electric Hybrid Bike Midnight Blue,3299.00,2626.00,Touring/Hybrid
Pedal Falcon 3 Step Through Electric Hybrid Bike Light Blue,3299.00,2626.00,Touring/Hybrid
Pedal Falcon 375Wh Electric Hybrid Bike Black,2999.00,2094.00,Touring/Hybrid
Pedal Galaxy Electric Hybrid Bike Silver,2399.00,1898.00,Touring/Hybrid
"Pedal Galaxy PLUS 27.5"" Electric Hybrid Bike Platinum Silver",2399.00,1999.00,Touring/Hybrid
"Pedal Galaxy PLUS 27.5"" Step Through Electric Hybrid Bike Silver",2399.00,1999.00,Touring/Hybrid
Pedal Jet 2 Trapeze Flat Bar Road Bike Mint,429.00,298.00,Road
Pedal Jet 2 Trapeze Flat Bar Road Bike Mint,429.00,298.00,Road
Pedal Jet 2 Trapeze Flat Bar Road Bike Mint,429.00,298.00,Road
Pedal Lightning 27.5 Electric Hybrid Bike Black,2199.00,1299.00,Touring/Hybrid
"Pedal Lightning 27.5"" Step Through Electric Hybrid Bike Black",2199.00,1299.00,Touring/Hybrid
"Pedal Lightning PLUS 27.5"" Step Through Electric Hybrid Bike Pearl Black",2199.00,1447.00,Touring/Hybrid
Pedal Messenger 3 Berlin Flat Bar Road Bike Midnight Blue,599.00,399.00,Road
Pedal Messenger 3 Berlin Flat Bar Road Bike Midnight Blue,599.00,399.00,Road
Pedal Messenger 3 Berlin Flat Bar Road Bike Midnight Blue,599.00,399.00,Road
Pedal Messenger Gotham,399.00,298.00,Road
Pedal Messenger Gotham,399.00,298.00,Road
Pedal Messenger Gotham,399.00,298.00,Road
Pedal Orion 2 Cruiser Bike Black,699.00,489.00,Cruiser/Standart
Pedal Orion 2 Cruiser Bike Marine Blue,699.00,489.00,Cruiser/Standart
Pedal Orion 2 Cruiser Bike Pink,699.00,489.00,Cruiser/Standart
Pedal Pursuit 2 Road Bike Metallic Blue,649.00,578.00,Road
Pedal Pursuit 2 Road Bike Metallic Blue,649.00,578.00,Road
Pedal Pursuit 2 Road Bike Metallic Blue,649.00,578.00,Road
Pedal Raider 2 Cyclocross Bike Navy,799.00,499.00,Road
Pedal Raider 2 Cyclocross Bike Navy,799.00,499.00,Road
Pedal Raider 2 Cyclocross Bike Navy,799.00,499.00,Road
Pedal Raider 3 Gravel Bike Dark Grey,849.00,649.00,Road
Pedal Raider 3 Gravel Bike Dark Grey,849.00,649.00,Road
Pedal Raider 3 Gravel Bike Dark Grey,849.00,649.00,Road
Pedal Ranger 3 Trigger Mountain Bike Black/Blue,469.99,348.00,Mountain
Pedal Ranger 3 Trigger Mountain Bike Black/Blue,469.99,348.00,Mountain
Pedal Ranger 3 Trigger Mountain Bike Black/Blue,469.99,348.00,Mountain
Pedal Ranger 3 Trigger Mountain Bike Black/Blue,469.99,348.00,Mountain
Pedal Ranger 3 Trigger Mountain Bike Black/Blue,469.99,348.00,Mountain
Pedal Ranger 3 Trigger Mountain Bike Black/Blue,469.99,348.00,Mountain
Pedal Ranger 3 Trigger Mountain Bike Black/Blue,469.99,348.00,Mountain
Pedal Ranger 3 Trigger Mountain Bike Black/Blue,469.99,348.00,Mountain
Pedal Ranger 3 Trigger Mountain Bike Black/Blue,469.99,348.00,Mountain
Pedal Ranger 3 Trigger Mountain Bike Black/Blue,469.99,348.00,Mountain
Pedal Seahawk Electric Cruiser Bike Black,1899.99,1688.00,Cruiser/Standart
Pedal Thrasher 3 Mountain Bike Black/Red,599.99,499.00,Mountain
Pedal Thrasher 3 Mountain Bike Black/Red,599.99,499.00,Mountain
Pedal Thrasher 3 Mountain Bike Black/Red,599.99,499.00,Mountain
Pedal Thrasher 3 Mountain Bike Black/Red,599.99,499.00,Mountain
Pedal Thrasher 3 Mountain Bike Black/Red,599.99,499.00,Mountain
Pedal Thrasher 3 Mountain Bike Black/Red,599.99,499.00,Mountain
Pedal Thrasher 3 Mountain Bike Black/Red,599.99,499.00,Mountain
Pedal Thrasher 3 Mountain Bike Black/Red,599.99,499.00,Mountain
Pedal Thrasher 3 Mountain Bike Black/Red,599.99,499.00,Mountain
Pedal Thrasher 3 Mountain Bike Black/Red,599.99,499.00,Mountain
Pedal Titan 2 Electric Dual Suspension Mountain Bike Cosmic Black,5499.00,2997.00,Mountain
Pedal Titan 2 Electric Dual Suspension Mountain Bike Cosmic Black,5499.00,2997.00,Mountain
Pedal Titan 2 Electric Dual Suspension Mountain Bike Cosmic Black,5499.00,2997.00,Mountain
Pedal Titan 2 Electric Dual Suspension Mountain Bike Cosmic Black,5499.00,2997.00,Mountain
Pedal Titan 2 Electric Dual Suspension Mountain Bike Cosmic Black,5499.00,2997.00,Mountain
Pedal Titan 2 Electric Dual Suspension Mountain Bike Cosmic Black,5499.00,2997.00,Mountain
Pedal Titan 2 Electric Dual Suspension Mountain Bike Cosmic Black,5499.00,2997.00,Mountain
Pedal Titan 2 Electric Dual Suspension Mountain Bike Cosmic Black,5499.00,2997.00,Mountain
Pedal Titan 2 Electric Dual Suspension Mountain Bike Cosmic Black,5499.00,2997.00,Mountain
Pedal Titan 2 Electric Dual Suspension Mountain Bike Cosmic Black,5499.00,2997.00,Mountain
Pedal Uptown Classic Cruiser Bike Lilac,429.00,279.00,Cruiser/Standart
Pedal Uptown Classic Cruiser Bike Rose Gold,429.00,279.00,Cruiser/Standart
Pedal Uptown Classic Cruiser Bike Sage,429.00,279.00,Cruiser/Standart
Pedal Uptown Cruiser Bike Classic Black,429.00,279.00,Cruiser/Standart
Pedal Uptown Cruiser Bike Classic Blue,429.00,279.00,Cruiser/Standart
Pedal Uptown Cruiser Bike Classic Green,429.00,279.00,Cruiser/Standart
Pedal Uptown Cruiser Bike Classic White,429.00,279.00,Cruiser/Standart
Pedal Uptown DLX Cruiser Bike Black,529.00,349.00,Cruiser/Standart
Pedal Uptown DLX Cruiser Bike Light Blue,529.00,349.00,Cruiser/Standart
Pedal Uptown DLX Cruiser Bike Mint Green,529.00,349.00,Cruiser/Standart
Pedal Uptown DLX Cruiser Bike Rose Gold,529.00,349.00,Cruiser/Standart
Pedal Uptown DLX Cruiser Bike Sage Green,529.99,349.00,Cruiser/Standart
Pedal Uptown SL Electric Cruiser Bike Black,1499.00,1399.00,Cruiser/Standart
Pedal Uptown SL Electric Cruiser Bike Mint Green,1499.00,1399.00,Cruiser/Standart
Pedal Uptown SL Electric Cruiser Bike Pearl White,1499.00,1399.00,Cruiser/Standart
Rever Urban Mens Electric Bike Titanium Grey,2999.99,1497.00,Touring/Hybrid
"Silverback Splash Delight Women's 27"" Hardtail Mountain Bike Blue/Royal Dark Blue",829.00,586.00,Mountain
"Silverback Splash Delight Women's 27"" Hardtail Mountain Bike Blue/Royal Dark Blue",829.00,586.00,Mountain
"Silverback Splash Delight Women's 27"" Hardtail Mountain Bike Blue/Royal Dark Blue",829.00,586.00,Mountain
"Silverback Splash Delight Women's 27"" Hardtail Mountain Bike Blue/Royal Dark Blue",829.00,586.00,Mountain
"Silverback Splash Delight Women's 27"" Hardtail Mountain Bike Blue/Royal Dark Blue",829.00,586.00,Mountain
"Silverback Splash Delight Women's 27"" Hardtail Mountain Bike Blue/Royal Dark Blue",829.00,586.00,Mountain
"Silverback Splash Delight Women's 27"" Hardtail Mountain Bike Blue/Royal Dark Blue",829.00,586.00,Mountain
"Silverback Splash Delight Women's 27"" Hardtail Mountain Bike Blue/Royal Dark Blue",829.00,586.00,Mountain
"Silverback Splash Delight Women's 27"" Hardtail Mountain Bike Blue/Royal Dark Blue",829.00,586.00,Mountain
"Silverback Splash Delight Women's 27"" Hardtail Mountain Bike Blue/Royal Dark Blue",829.00,586.00,Mountain
"Silverback Stride Comp Hardtail Mountain Bike 27.5"" Satin Metallic Grey",1149.00,688.00,Mountain
"Silverback Stride Comp Hardtail Mountain Bike 27.5"" Satin Metallic Grey",1149.00,688.00,Mountain
"Silverback Stride Comp Hardtail Mountain Bike 27.5"" Satin Metallic Grey",1149.00,688.00,Mountain
"Silverback Stride Comp Hardtail Mountain Bike 27.5"" Satin Metallic Grey",1149.00,688.00,Mountain
"Silverback Stride Comp Hardtail Mountain Bike 27.5"" Satin Metallic Grey",1149.00,688.00,Mountain
"Silverback Stride Comp Hardtail Mountain Bike 27.5"" Satin Metallic Grey",1149.00,688.00,Mountain
"Silverback Stride Comp Hardtail Mountain Bike 27.5"" Satin Metallic Grey",1149.00,688.00,Mountain
"Silverback Stride Comp Hardtail Mountain Bike 27.5"" Satin Metallic Grey",1149.00,688.00,Mountain
"Silverback Stride Comp Hardtail Mountain Bike 27.5"" Satin Metallic Grey",1149.00,688.00,Mountain
"Silverback Stride Comp Hardtail Mountain Bike 27.5"" Satin Metallic Grey",1149.00,688.00,Mountain
Silverback Stride Comp Hardtail Mountain Bike Grey/Gloss Lime,1149.00,688.00,Mountain
Silverback Stride Comp Hardtail Mountain Bike Grey/Gloss Lime,1149.00,688.00,Mountain
Silverback Stride Comp Hardtail Mountain Bike Grey/Gloss Lime,1149.00,688.00,Mountain
Silverback Stride Comp Hardtail Mountain Bike Grey/Gloss Lime,1149.00,688.00,Mountain
Silverback Stride Comp Hardtail Mountain Bike Grey/Gloss Lime,1149.00,688.00,Mountain
Silverback Stride Comp Hardtail Mountain Bike Grey/Gloss Lime,1149.00,688.00,Mountain
Silverback Stride Comp Hardtail Mountain Bike Grey/Gloss Lime,1149.00,688.00,Mountain
Silverback Stride Comp Hardtail Mountain Bike Grey/Gloss Lime,1149.00,688.00,Mountain
Silverback Stride Comp Hardtail Mountain Bike Grey/Gloss Lime,1149.00,688.00,Mountain
Silverback Stride Comp Hardtail Mountain Bike Grey/Gloss Lime,1149.00,688.00,Mountain
"Silverback Stride Delight Hardtail Mountain Bike 29"" Satin Grey Charcoal",769.00,586.00,Mountain
"Silverback Stride Delight Hardtail Mountain Bike 29"" Satin Grey Charcoal",769.00,586.00,Mountain
"Silverback Stride Delight Hardtail Mountain Bike 29"" Satin Grey Charcoal",769.00,586.00,Mountain
"Silverback Stride Delight Hardtail Mountain Bike 29"" Satin Grey Charcoal",769.00,586.00,Mountain
"Silverback Stride Delight Hardtail Mountain Bike 29"" Satin Grey Charcoal",769.00,586.00,Mountain
"Silverback Stride Delight Hardtail Mountain Bike 29"" Satin Grey Charcoal",769.00,586.00,Mountain
"Silverback Stride Delight Hardtail Mountain Bike 29"" Satin Grey Charcoal",769.00,586.00,Mountain
"Silverback Stride Delight Hardtail Mountain Bike 29"" Satin Grey Charcoal",769.00,586.00,Mountain
"Silverback Stride Delight Hardtail Mountain Bike 29"" Satin Grey Charcoal",769.00,586.00,Mountain
"Silverback Stride Delight Hardtail Mountain Bike 29"" Satin Grey Charcoal",769.00,586.00,Mountain
Silverback Stride Sport Mountain Bike Anthracite/Gloss Lime,999.00,797.00,Mountain
Silverback Stride Sport Mountain Bike Anthracite/Gloss Lime,999.00,797.00,Mountain
Silverback Stride Sport Mountain Bike Anthracite/Gloss Lime,999.00,797.00,Mountain
Silverback Stride Sport Mountain Bike Anthracite/Gloss Lime,999.00,797.00,Mountain
Silverback Stride Sport Mountain Bike Anthracite/Gloss Lime,999.00,797.00,Mountain
Silverback Stride Sport Mountain Bike Anthracite/Gloss Lime,999.00,797.00,Mountain
Silverback Stride Sport Mountain Bike Anthracite/Gloss Lime,999.00,797.00,Mountain
Silverback Stride Sport Mountain Bike Anthracite/Gloss Lime,999.00,797.00,Mountain
Silverback Stride Sport Mountain Bike Anthracite/Gloss Lime,999.00,797.00,Mountain
Silverback Stride Sport Mountain Bike Anthracite/Gloss Lime,999.00,797.00,Mountain
"VelectriX Adventurer Pulse 27.5"" ST Electric Hybrid Bike Storm Grey",4599.00,3439.00,Touring/Hybrid
"VelectriX Ascent 29"" Electric Hardtail Mountain Bike Silver",2799.00,1649.00,Mountain
"VelectriX Ascent 29"" Electric Hardtail Mountain Bike Silver",2799.00,1649.00,Mountain
"VelectriX Ascent 29"" Electric Hardtail Mountain Bike Silver",2799.00,1649.00,Mountain
"VelectriX Ascent 29"" Electric Hardtail Mountain Bike Silver",2799.00,1649.00,Mountain
"VelectriX Ascent 29"" Electric Hardtail Mountain Bike Silver",2799.00,1649.00,Mountain
"VelectriX Ascent 29"" Electric Hardtail Mountain Bike Silver",2799.00,1649.00,Mountain
"VelectriX Ascent 29"" Electric Hardtail Mountain Bike Silver",2799.00,1649.00,Mountain
"VelectriX Ascent 29"" Electric Hardtail Mountain Bike Silver",2799.00,1649.00,Mountain
"VelectriX Ascent 29"" Electric Hardtail Mountain Bike Silver",2799.00,1649.00,Mountain
"VelectriX Ascent 29"" Electric Hardtail Mountain Bike Silver",2799.00,1649.00,Mountain
VelectriX Brunswick Electric Commuter Bike Green,3599.00,1979.00,Touring/Hybrid
VelectriX Cruiser Electric Hybrid Bike Silver,2199.00,1279.00,Cruiser/Standart
VelectriX Cruiser Electric Hybrid Bike Silver,2199.00,1279.00,Touring/Hybrid
VelectriX Cruiser Pulse STX Step Through Electric Bike Midnight,3999.00,2498.00,Cruiser/Standart
VelectriX Cruiser Pulse Step Through Electric Bike Blue,3199.00,1929.00,Cruiser/Standart
VelectriX Cruiser Pulse Step Through Electric Bike Blue,3199.00,1929.00,Touring/Hybrid
VelectriX Cruiser Step Through Blue,2299.00,1712.00,Cruiser/Standart
VelectriX Cruiser Step Through Blue,2299.00,1712.00,Touring/Hybrid
VelectriX Cruiser Step Through Electric Bike Jet Black,2299.00,1712.00,Touring/Hybrid
VelectriX Cruiser Step Through Electric Hybrid Bike Jam,3499.00,2439.00,Cruiser/Standart
"VelectriX Hurricane 24"" Kids Bike 34cm Orange",1999.00,999.00,Touring/Hybrid
VelectriX Newtown Electric Commuter Bike Blue,2499.00,1248.00,Touring/Hybrid
VelectriX Stray Flat Bar Electric Hybrid Bike Basalt,3999.00,2989.00,Touring/Hybrid
VelectriX Urban Pulse Step Through Electric Hybrid Bike Blue,3699.00,2773.00,Touring/Hybrid
VelectriX Urban+ Electric Hybrid Bike Black,2499.00,1874.00,Touring/Hybrid
VelectriX Urban+ Electric Hybrid Bike Grey,2599.00,1847.00,Touring/Hybrid
XDS Byron Mens Cruiser 700 17in Black,599.00,569.00,Cruiser/Standart
"XDS Sorrento Youth Cruiser Bike 24"" Pale Mint",479.00,449.00,Cruiser/Standart
